{
    "parameters": {
        "seed": 42,
        "nx": 128,
        "Lx": 6.283185307179586,
        "beta": 10,
        "kmin": 10.0,
        "kmax": 10.0,
        "nz": 1,
        "Lz": 50,
        "rek": 5.787e-07,
        "rd": 15.0,
        "delta": 0.25,
        "U1": 0.0,
        "U2": 0.0,
        "hr_nx": 1024
    },
    "created_utc": "2026-02-19T16:04:58.245676Z",
    "dt": 0.001,
    "cadence": 100
}