{
    "train": [
        0.007922127842903137,
        0.007838389836251736,
        0.007248192559927702,
        0.007043833611533046,
        0.006970266113057733,
        0.0065156088676303625,
        0.006463210331276059,
        0.006223382661119103,
        0.006013001082465053,
        0.005812632851302624
    ],
    "test": [
        0.007599749136716127,
        0.007054120302200317,
        0.007158718537539244,
        0.006809824146330357,
        0.0062719546258449554,
        0.006535273976624012,
        0.006261119153350592,
        0.005989543162286282,
        0.005913527682423592,
        0.005793848540633917
    ]
}