{
    "train": [
        6.135549483587965e-06,
        5.806075023429003e-06,
        5.885402970307041e-06,
        5.914512257731985e-06,
        6.118335022620158e-06,
        6.125219897512579e-06,
        6.003322141623357e-06,
        5.963782768958481e-06,
        6.012737230776111e-06,
        5.9230269471299835e-06
    ],
    "test": [
        5.671623057423858e-06,
        6.440395736717619e-06,
        6.255297648749547e-06,
        6.187376584421145e-06,
        5.7117904361803085e-06,
        5.695726486010244e-06,
        5.980153218843043e-06,
        6.072412361390889e-06,
        5.958184829069069e-06,
        6.167509127408266e-06
    ]
}