{
    "train": [
        0.44630058109760284,
        0.44973641633987427,
        0.4469282776117325,
        0.4459112882614136,
        0.4418932646512985,
        0.4377060681581497,
        0.44549012184143066,
        0.44183653593063354,
        0.4387458562850952
    ],
    "test": [
        0.4312776029109955,
        0.4223131537437439,
        0.4446961283683777,
        0.42231279611587524,
        0.43937063217163086,
        0.4447528123855591,
        0.441875159740448,
        0.44484519958496094,
        0.4358800947666168
    ]
}