{
    "train": [
        0.00988697912544012,
        0.010146951768547297,
        0.009679165203124285,
        0.0096809440292418,
        0.009880181401968002,
        0.009431723039597273,
        0.009572739247232676,
        0.00946418009698391,
        0.009364350698888302,
        0.0092385015450418
    ],
    "test": [
        0.00972836185246706,
        0.00928548164665699,
        0.009749575518071651,
        0.0094732865691185,
        0.008943120948970318,
        0.009620800614356995,
        0.009493100456893444,
        0.009198160842061043,
        0.009343083947896957,
        0.009393001906573772
    ]
}