{
    "train": [
        1.4582666617756406e-05,
        1.509917708564008e-05,
        1.5586390501845686e-05,
        1.529324209532577e-05,
        1.4834434648723892e-05,
        1.5463043419746396e-05,
        1.4995673841533099e-05,
        1.498007418840829e-05,
        1.5350512030079476e-05,
        1.5521345389692103e-05
    ],
    "test": [
        1.6714160405432006e-05,
        1.5511537077102167e-05,
        1.438143915168309e-05,
        1.505840438247625e-05,
        1.612442364213556e-05,
        1.4659464146201831e-05,
        1.575355846788235e-05,
        1.579326644354123e-05,
        1.4927765819482461e-05,
        1.4527211186803124e-05
    ]
}