{
    "train": [
        0.0002002690453082323,
        0.00019766052719205618,
        0.00019809395598713309,
        0.00019280142441857606,
        0.00019784366304520518,
        0.0001965735136764124
    ],
    "test": [
        0.00019734552188310772,
        0.0002018233499256894,
        0.0001988833537325263,
        0.00020875393238384277,
        0.00019381871970836073,
        0.00019270590564701706
    ]
}