{
    "train": [
        5.0405648946762085
    ],
    "test": [
        281.5031433105469
    ]
}