{
    "train": [
        2.2171509961310676e-08,
        2.4036275192429457e-08,
        2.2836506907708554e-08,
        2.2394188725627373e-08,
        2.326930115259529e-08,
        2.2034644331370146e-08,
        2.2737602911604426e-08,
        2.220300832078692e-08,
        2.14674154008776e-08
    ],
    "test": [
        2.5899328903733476e-08,
        2.220828854149204e-08,
        2.7150328207881103e-08,
        2.2208320515915148e-08,
        2.0504026920775686e-08,
        2.455814041013582e-08,
        2.559255740663957e-08,
        2.6264903141282048e-08,
        2.2573674485215633e-08
    ]
}