{
    "train": [
        0.06973889470100403,
        0.05541953817009926,
        0.043073201552033424,
        0.036029789596796036,
        0.03325046971440315,
        0.031886530108749866,
        0.03260565362870693,
        0.033288974314928055,
        0.030979073606431484
    ],
    "test": [
        0.05627037212252617,
        0.043703846633434296,
        0.0374428890645504,
        0.033326055854558945,
        0.031153637915849686,
        0.03197384625673294,
        0.0345405749976635,
        0.03684761002659798,
        0.0372806079685688
    ]
}