{
    "train": [
        0.14229779690504074,
        0.1092429831624031,
        0.06695505231618881,
        0.036849938333034515,
        0.03985845670104027,
        0.03131697792559862,
        0.02758918423205614,
        0.03181823901832104,
        0.03397913835942745
    ],
    "test": [
        0.13992895185947418,
        0.07566732168197632,
        0.04379426687955856,
        0.04696759209036827,
        0.034523073583841324,
        0.026655182242393494,
        0.030607106164097786,
        0.03287062793970108,
        0.032356180250644684
    ]
}