{
    "train": [
        0.031134418211877346,
        0.016693034674972296,
        0.012687733862549067,
        0.012394498568028212,
        0.008940641302615404,
        0.008749450091272593,
        0.010675079189240932,
        0.01486719585955143,
        0.01979292929172516
    ],
    "test": [
        0.011643185280263424,
        0.013301235623657703,
        0.012349489144980907,
        0.00984313152730465,
        0.008971033617854118,
        0.008616916835308075,
        0.016273055225610733,
        0.017543042078614235,
        0.017757760360836983
    ]
}