{
    "train": [
        0.18790988624095917,
        0.11660731956362724,
        0.05595275014638901,
        3.1315571069717407,
        4.601957201957703,
        0.5081838257610798,
        0.03054210916161537,
        0.04097754508256912,
        0.04960491508245468
    ],
    "test": [
        0.1399608701467514,
        0.07925500720739365,
        1.202277421951294,
        4.219095706939697,
        0.5122987031936646,
        0.5255507230758667,
        0.045851923525333405,
        0.05236710608005524,
        0.054928120225667953
    ]
}