{
    "train": [
        0.17608530819416046,
        0.15588100999593735,
        0.1456945613026619,
        0.18055470287799835,
        0.20898784697055817,
        0.2488461434841156,
        0.27420441806316376,
        0.30570073425769806,
        0.3270173817873001
    ],
    "test": [
        0.12225893139839172,
        0.12284005433320999,
        0.16239264607429504,
        0.21063323318958282,
        0.24850872159004211,
        0.2648211419582367,
        0.2973523437976837,
        0.3283805847167969,
        0.3421328663825989
    ]
}