{
    "train": [
        8.959835327004839e-07,
        6.680159856387036e-07,
        4.3019798567911494e-07,
        1.9884387825186423e-07,
        1.810286320846899e-07,
        9.662111040142918e-07,
        7.184324033460143e-07,
        8.482222142447426e-07,
        6.71674484920004e-07
    ],
    "test": [
        7.990806807356421e-07,
        4.2972706637556257e-07,
        2.635436260334245e-07,
        2.1341294598187233e-07,
        1.3016057209824794e-07,
        8.439195653409115e-07,
        4.4231052243048907e-07,
        6.128170184638293e-07,
        7.917707876003988e-07
    ]
}