{
    "train": [
        1.893635628072602e-05,
        1.8750903554788164e-05,
        1.8922540350883666e-05,
        1.7862216087191234e-05,
        1.7314012977146136e-05,
        1.7539974912639935e-05,
        1.6992788543426955e-05,
        1.6636916686310336e-05,
        1.6226761730723985e-05,
        1.6688540199538693e-05
    ],
    "test": [
        2.1092465647684766e-05,
        1.951017908314021e-05,
        1.7277111467029455e-05,
        1.816441003722416e-05,
        1.8081544112646952e-05,
        1.6426264145203667e-05,
        1.6602958783637622e-05,
        1.6691956391566366e-05,
        1.6866567204401473e-05,
        1.5251711158184445e-05
    ]
}