{
    "train": [
        0.6641440093517303,
        0.24786482006311417,
        0.10715987160801888,
        0.05574579909443855,
        0.03870862536132336,
        0.02489155251532793,
        0.023966810666024685,
        0.018114812672138214,
        0.01866928581148386
    ],
    "test": [
        0.3143071234226227,
        0.12956395745277405,
        0.08524686098098755,
        0.04189981520175934,
        0.021798839792609215,
        0.025908181443810463,
        0.018962087109684944,
        0.015072290785610676,
        0.014638029970228672
    ]
}