{
    "train": [
        0.00823789183050394,
        0.008122080005705357,
        0.0074657166842371225,
        0.007231220602989197,
        0.007105222903192043
    ],
    "test": [
        0.007857873104512691,
        0.0072865416295826435,
        0.007364506367594004,
        0.006946596782654524,
        0.006348824128508568
    ]
}