{
    "train": [
        0.1888684406876564,
        0.10017905384302139,
        0.1864311397075653,
        0.28827962279319763,
        0.4663823992013931,
        0.6192024946212769,
        0.7728621959686279,
        0.9257007241249084,
        1.074822723865509
    ],
    "test": [
        0.06778416037559509,
        0.13062794506549835,
        0.2449832260608673,
        0.40899786353111267,
        0.5720055103302002,
        0.7340652346611023,
        0.8455791473388672,
        1.0768200159072876,
        1.119319200515747
    ]
}