{
    "train": [
        0.7845808863639832,
        0.6737394630908966,
        0.5475745797157288,
        0.4593009799718857,
        0.39862020313739777,
        0.3256080001592636,
        0.2825620323419571,
        0.23685000091791153,
        0.19420187920331955
    ],
    "test": [
        0.9453091025352478,
        0.7551690340042114,
        0.6318672895431519,
        0.4529038667678833,
        0.3197599947452545,
        0.28676876425743103,
        0.24245895445346832,
        0.23147360980510712,
        0.1965259164571762
    ]
}