{
    "train": [
        7.788742095726775e-08,
        7.7082116689553e-08,
        7.187705186595394e-08,
        7.699713933106977e-08,
        7.110117294928386e-08,
        7.385288114392097e-08,
        8.522830441393126e-08,
        8.345331892201102e-08,
        7.699919990500348e-08
    ],
    "test": [
        5.261016866597856e-08,
        6.979212230362464e-08,
        6.973876054416905e-08,
        6.979219335789821e-08,
        7.615442143560358e-08,
        8.123090822209633e-08,
        5.7605166858820667e-08,
        5.985923223761347e-08,
        7.70411929806869e-08
    ]
}