{
    "train": [
        0.20540009438991547,
        0.23108358681201935,
        127.01795053482056,
        1.47073314159352e+18,
        1.4262297216882988e+18,
        1.4262298587021967e+18,
        3.1117754118415764e+18,
        3.1117748618927944e+18,
        1.4262304088830659e+18
    ],
    "test": [
        0.1820499300956726,
        1.2681140899658203,
        4.1269806109734994e+18,
        14.391899108886719,
        4.153174877166748,
        2.634791851043701,
        5.375374794006348,
        2.742494821548462,
        12.104181289672852
    ]
}