{
    "train": [
        0.06394446454942226,
        0.17164289206266403,
        0.24105028808116913,
        0.24344515800476074,
        0.266017884016037,
        0.3050253689289093,
        0.35257188975811005,
        0.39306123554706573,
        0.423412948846817
    ],
    "test": [
        0.1452513486146927,
        0.23607026040554047,
        0.24418820440769196,
        0.24414858222007751,
        0.29283690452575684,
        0.34219759702682495,
        0.38331159949302673,
        0.41642650961875916,
        0.4395422041416168
    ]
}