{
    "train": [
        0.3450750932097435,
        3.1249687671661377,
        2.8152393102645874,
        2.3515868186950684,
        2.3160252571105957,
        5.073558568954468,
        NaN,
        NaN,
        NaN
    ],
    "test": [
        2.41868257522583,
        2.5253632068634033,
        3.148078680038452,
        1.7112956047058105,
        4.260975360870361,
        5.505654335021973,
        NaN,
        NaN,
        NaN
    ]
}