{
    "train": [
        0.009186281356960535,
        0.009328790474683046,
        0.008833163417875767,
        0.008769407868385315,
        0.008883767761290073,
        0.00845065200701356,
        0.008542276453226805,
        0.008402698207646608,
        0.00828808918595314,
        0.008142484351992607
    ],
    "test": [
        0.008978599682450294,
        0.008517907001078129,
        0.008857112377882004,
        0.00856604054570198,
        0.008045030757784843,
        0.008595399558544159,
        0.008437125012278557,
        0.008158249780535698,
        0.0082384729757905,
        0.008263396099209785
    ]
}