{
    "train": [
        0.05535074137151241,
        0.037267448380589485,
        0.031119532883167267,
        0.02845767978578806,
        0.025556040927767754,
        0.01862274669110775,
        0.01637119334191084,
        0.014515798538923264,
        0.012816315051168203
    ],
    "test": [
        0.03820721432566643,
        0.03371017798781395,
        0.026807690039277077,
        0.028773223981261253,
        0.021261809393763542,
        0.015901654958724976,
        0.014965132810175419,
        0.01911141537129879,
        0.015837926417589188
    ]
}