{
    "train": [
        0.009593428578227758,
        0.009596140123903751,
        0.008955095428973436,
        0.008816005662083626,
        0.008803847711533308,
        0.00829476723447442,
        0.008398368488997221,
        0.008135385811328888,
        0.00798944104462862,
        0.007755944970995188
    ],
    "test": [
        0.009214919991791248,
        0.00875332485884428,
        0.008966664783656597,
        0.008577159605920315,
        0.007953970693051815,
        0.00847353134304285,
        0.008150139823555946,
        0.007905635051429272,
        0.0078764408826828,
        0.007938776165246964
    ]
}