{
    "train": [
        0.12622576393187046,
        2.038528563454747,
        0.022353281266987324,
        0.026046326383948326,
        0.037730539217591286,
        0.051419204100966454,
        0.05877743847668171,
        0.06474493816494942,
        0.0666300617158413
    ],
    "test": [
        1.5548806190490723,
        0.02934526465833187,
        0.019003501161932945,
        0.035079631954431534,
        0.055799905210733414,
        0.058520879596471786,
        0.06314007192850113,
        0.0667799711227417,
        0.06623734533786774
    ]
}