{
    "train": [
        0.0002733923902269453,
        0.0002638457517605275,
        0.0002607785281725228,
        0.00025601169909350574,
        0.0002609012008178979,
        0.0002551342186052352,
        0.00024760086671449244,
        0.0002454525383654982,
        0.00024004322767723352,
        0.00023713232076261193
    ],
    "test": [
        0.0002582836023066193,
        0.00027231103740632534,
        0.00027001966373063624,
        0.00027025528834201396,
        0.00024664661032147706,
        0.00024633712018840015,
        0.0002494497748557478,
        0.00023955329379532486,
        0.00023601546126883477,
        0.00022695308143738657
    ]
}