{
    "train": [
        0.2450939565896988,
        0.10842742025852203,
        0.14057200402021408,
        0.1726030632853508,
        0.1972919926047325,
        0.216549851000309,
        0.23686081171035767,
        0.25495094060897827,
        0.26722821593284607
    ],
    "test": [
        0.10039157420396805,
        0.13119767606258392,
        0.1656711846590042,
        0.19092363119125366,
        0.21098992228507996,
        0.2316150665283203,
        0.2524433135986328,
        0.26520273089408875,
        0.2716491222381592
    ]
}