{
    "train": [
        0.2566727250814438,
        0.5549655556678772,
        25.42274159193039,
        50.57554626464844,
        19475.242797851562,
        18131350464.0,
        2653382464503808.0,
        NaN,
        NaN
    ],
    "test": [
        0.46555855870246887,
        1.408840537071228,
        13.509774208068848,
        437.25933837890625,
        246035.40625,
        8627718493044736.0,
        NaN,
        NaN,
        NaN
    ]
}