{
    "train": [
        9.498077361058677e-06,
        8.04795899966848e-06,
        7.5224122610961786e-06,
        6.661063707724679e-06,
        5.657869905917323e-06,
        4.69867950414482e-06,
        8.001048854566761e-06,
        7.048025054245954e-06,
        5.774067176389508e-06
    ],
    "test": [
        9.248347851098515e-06,
        7.119830570445629e-06,
        6.4023270169855095e-06,
        5.987712029309478e-06,
        5.110486654302804e-06,
        4.733956757263513e-06,
        8.684444765094668e-06,
        8.002498361747712e-06,
        6.5831591200549155e-06
    ]
}