{
    "train": [
        0.28579581365920603,
        0.02332829311490059,
        0.028548695147037506,
        0.037059854716062546,
        0.044485243037343025,
        0.050798701122403145,
        0.05637064948678017,
        0.062100598588585854,
        0.06477750465273857
    ],
    "test": [
        0.0247906856238842,
        0.02651205286383629,
        0.03523288667201996,
        0.042626552283763885,
        0.04789379611611366,
        0.05346321687102318,
        0.05943874269723892,
        0.06372113525867462,
        0.06968829035758972
    ]
}