{
    "train": [
        0.00020050017337780446,
        0.00019837789295706898,
        0.00019937216711696237,
        0.00019477370369713753,
        0.0002007677685469389,
        0.00020062780822627246,
        0.0001979125227080658,
        0.00020447259885258973,
        0.00020109735487494618,
        0.00020241022866684943
    ],
    "test": [
        0.0001978262298507616,
        0.0002027783775702119,
        0.0002004581765504554,
        0.000211187987588346,
        0.00019720189447980374,
        0.00019752851221710443,
        0.0002038640814134851,
        0.00018855719827115536,
        0.0001964327966561541,
        0.00019336941477376968
    ]
}