{
    "train": [
        0.004282072916006048
    ],
    "test": [
        0.0036669417417475154
    ]
}