{
    "train": [
        0.00934410747140646,
        0.00930052250623703,
        0.008681369479745626,
        0.008527992758899927,
        0.008530135732144117,
        0.008053785189986229,
        0.008125828579068184,
        0.00790930725634098,
        0.007767251925542951,
        0.007566717453300953
    ],
    "test": [
        0.008974420838057995,
        0.008466613478958607,
        0.008661278523504734,
        0.008298448286950588,
        0.007712087128311396,
        0.008194537833333015,
        0.007938572205603123,
        0.0076750474981963634,
        0.007675527594983578,
        0.007690783590078354
    ]
}