{
    "train": [
        0.42363691329956055,
        4.430624485015869,
        1246438.1156840324,
        NaN,
        NaN,
        NaN,
        NaN,
        NaN,
        NaN
    ],
    "test": [
        3.418365001678467,
        5.8766937255859375,
        NaN,
        NaN,
        NaN,
        NaN,
        NaN,
        NaN,
        NaN
    ]
}