{
    "train": [
        1.9597479104995728,
        4.07423734664917,
        3.938118100166321,
        NaN,
        NaN,
        NaN
    ],
    "test": [
        4.765665531158447,
        4.006601333618164,
        NaN,
        NaN,
        NaN,
        NaN
    ]
}