{
    "train": [
        0.06641196087002754,
        0.06634403020143509,
        0.06726821511983871,
        0.06537635996937752,
        0.06839146837592125,
        0.07337689027190208,
        0.07302550971508026,
        0.07537481561303139,
        0.07813191041350365
    ],
    "test": [
        0.06422608345746994,
        0.06813021004199982,
        0.06607642769813538,
        0.06744609773159027,
        0.0726703554391861,
        0.07491447776556015,
        0.07816632091999054,
        0.07790803909301758,
        0.07209578156471252
    ]
}