{
    "train": [
        1.8173012291782118e-05,
        1.858026404747483e-05
    ],
    "test": [
        2.0145257925226662e-05,
        1.9102955169122044e-05
    ]
}