{
    "train": [
        1.205337298415543e-06
    ],
    "test": [
        1.230184466294304e-06
    ]
}