{
    "train": [
        0.5072342811618,
        0.511634111404419,
        0.9844450652599335,
        0.9505043625831604,
        0.7921631932258606,
        0.5268158912658691,
        0.25837796926498413,
        0.08688931167125702,
        0.029724018648266792
    ],
    "test": [
        0.2933465838432312,
        0.9832501411437988,
        0.9723425507545471,
        0.8522559404373169,
        0.5931609272956848,
        0.3136957585811615,
        0.11250331997871399,
        0.032052457332611084,
        0.014722895808517933
    ]
}