{
    "train": [
        0.00017035800556186587,
        0.00017055908392649144,
        0.00017114471120294183,
        0.0001671851787250489,
        0.00017041049432009459,
        0.00017091129848267883,
        0.00016908538236748427,
        0.00017403897072654217,
        0.00017222820315510035,
        0.00017364879022352397
    ],
    "test": [
        0.0001720248837955296,
        0.00017155573004856706,
        0.00017018926155287772,
        0.000179428156116046,
        0.00017190237122122198,
        0.0001707338960841298,
        0.00017499430396128446,
        0.000163435994181782,
        0.00016766109911259264,
        0.00016434646386187524
    ]
}