{
    "train": [
        0.0002792337036225945,
        0.00027146979118697345,
        0.0002695747243706137,
        0.00026871979935094714,
        0.00027527043130248785,
        0.000270499789621681,
        0.0002661502512637526,
        0.0002675273863133043,
        0.0002664615458343178,
        0.0002608837967272848
    ],
    "test": [
        0.00026142134447582066,
        0.00027783270343206823,
        0.00028018400189466774,
        0.00027948839124292135,
        0.0002607553906273097,
        0.00026737243751995265,
        0.00027197226881980896,
        0.0002620438754092902,
        0.0002560769789852202,
        0.0002592432720120996
    ]
}