{
    "train": [
        0.10563245974481106,
        0.11023582518100739,
        0.12011704593896866,
        0.07604314014315605,
        0.058652741834521294,
        0.059203675016760826,
        0.1136695146560669,
        0.12769335508346558,
        0.1165594570338726
    ],
    "test": [
        0.08359900116920471,
        0.14836280047893524,
        0.057132672518491745,
        0.06330332159996033,
        0.035758111625909805,
        0.08311223983764648,
        0.12702246010303497,
        0.07850517332553864,
        0.06053490191698074
    ]
}