{
    "train": [
        0.023379319347441196,
        0.013136339373886585,
        0.020430478267371655,
        0.027415628544986248,
        0.025602106004953384,
        0.020830776542425156,
        0.013796933926641941,
        0.00815120106562972,
        0.004358257167041302
    ],
    "test": [
        0.014544522389769554,
        0.01631031557917595,
        0.026971271261572838,
        0.02556748315691948,
        0.02273382432758808,
        0.01628183014690876,
        0.008580309338867664,
        0.005406195763498545,
        0.005207078531384468
    ]
}