{
    "train": [
        1.8667266867479916e-05,
        1.9110669812534422e-05,
        1.9833300549570204e-05,
        1.9246326515638764e-05,
        1.9158620600545856e-05,
        1.9713503689319846e-05,
        1.946997360150539e-05,
        1.9391837463909e-05,
        1.9156526721008976e-05,
        1.9858708379170096e-05
    ],
    "test": [
        2.1157651731517123e-05,
        2.0128477747978952e-05,
        1.8405510109871448e-05,
        1.9764368473607602e-05,
        1.9996721415996683e-05,
        1.8768750600256246e-05,
        1.923764709014601e-05,
        1.95155310696767e-05,
        1.9978096177163978e-05,
        1.8397863511511658e-05
    ]
}