{
    "train": [
        1.3380661467721211e-08,
        1.3096339124274436e-08,
        1.275148342472221e-08,
        1.304017205328023e-08,
        1.3211784111177849e-08,
        1.2644596036892608e-08,
        1.3426354250611894e-08,
        1.313862219021189e-08,
        1.3246146401968417e-08
    ],
    "test": [
        1.2016156070160378e-08,
        1.2429839379990426e-08,
        1.2584290054462599e-08,
        1.2429846485417784e-08,
        1.236155977579756e-08,
        1.3540993215599428e-08,
        1.162207752258837e-08,
        1.234319579879184e-08,
        1.2756908418509738e-08
    ]
}