{
    "train": [
        0.18252671509981155,
        0.19382372498512268,
        0.20016105473041534,
        0.20568612962961197,
        0.21692614257335663,
        0.20688481628894806,
        0.19111887365579605,
        0.16350694000720978,
        0.15963300317525864
    ],
    "test": [
        0.19399356842041016,
        0.2046317756175995,
        0.2149311602115631,
        0.21109750866889954,
        0.20455101132392883,
        0.21887294948101044,
        0.18327006697654724,
        0.19375549256801605,
        0.16040122509002686
    ]
}