{
    "train": [
        0.022283826023340225,
        0.022395014762878418,
        0.022387344390153885,
        0.022313779219985008,
        0.022119250148534775,
        0.022041555494070053,
        0.02215050347149372,
        0.021992431953549385,
        0.022110991179943085
    ],
    "test": [
        0.022622521966695786,
        0.022042302414774895,
        0.021884597837924957,
        0.021964285522699356,
        0.022473592311143875,
        0.02257673256099224,
        0.022032758221030235,
        0.022428687661886215,
        0.021860336884856224
    ]
}