{
    "train": [
        1.8528678881512878e-05,
        1.8033650418629452e-05,
        1.8029990519143936e-05,
        1.6905326651330867e-05,
        1.6372498901880452e-05,
        1.664808247851954e-05,
        1.617391049245382e-05,
        1.58666704492691e-05,
        1.5463675500003014e-05,
        1.585253112909636e-05
    ],
    "test": [
        2.049084971423283e-05,
        1.8708797575700808e-05,
        1.6338589505591828e-05,
        1.719259827431025e-05,
        1.716377326894352e-05,
        1.5611329217790626e-05,
        1.5810742384235798e-05,
        1.589659097503283e-05,
        1.6055863766052337e-05,
        1.4494028402536752e-05
    ]
}