{
    "train": [
        0.06823184713721275,
        0.08138011023402214,
        0.08543683588504791,
        0.08905498683452606,
        0.09317603707313538,
        0.09953602775931358,
        0.10443292930722237,
        0.11021790280938148,
        0.12019089981913567
    ],
    "test": [
        0.06691427528858185,
        0.08468195796012878,
        0.08671224862337112,
        0.09135612845420837,
        0.09844492375850677,
        0.10565300285816193,
        0.11188463121652603,
        0.11917570978403091,
        0.12584462761878967
    ]
}