{
    "train": [
        0.06641196087002754,
        0.06426553055644035,
        0.06376675143837929,
        0.06575589254498482,
        0.06876124814152718,
        0.06618211418390274,
        0.06732466071844101,
        0.06728740781545639,
        0.0682450607419014
    ],
    "test": [
        0.06422608345746994,
        0.06402439624071121,
        0.06578703969717026,
        0.07029731571674347,
        0.06786105036735535,
        0.06694459915161133,
        0.06655505299568176,
        0.0678006112575531,
        0.06519109755754471
    ]
}