{
    "parameters": {
        "seed": 42,
        "nx": 32,
        "Lx": 6.283185307179586,
        "beta": 10,
        "kmin": 10.0,
        "kmax": 10.0,
        "nz": 1,
        "Lz": 50,
        "rek": 5.787e-07,
        "rd": 15.0,
        "delta": 0.25,
        "U1": 0.0,
        "U2": 0.0,
        "hr_nx": 128
    },
    "timing": {
        "dt": 0.001,
        "steps": 1000,
        "cadence": 100,
        "batch_size": 64,
        "batch_steps": 10
    },
    "created_utc": "2026-02-26T14:35:49.607288Z"
}