{
    "train": [
        0.09235930815339088,
        0.0980718620121479,
        0.09862026199698448,
        0.0985325537621975,
        0.0980881080031395,
        0.09749968349933624,
        0.09845700114965439,
        0.09745373204350471,
        0.09818361699581146
    ],
    "test": [
        0.09893431514501572,
        0.09477168321609497,
        0.09759242832660675,
        0.09477168321609497,
        0.09851611405611038,
        0.10143088549375534,
        0.09983687102794647,
        0.09748043864965439,
        0.09532979130744934
    ]
}